id	submission_id	user	username	userImageURL	downloadURL	hyperparameter	description	result	last	final	accuracy	f1
54	6262	203	"박성배_T1247"	"https://s3-ap-northeast-2.amazonaws.com/prod-aistages-public/app/Users/00000203/user_image.png"	"https://prod-aistages-private.s3.amazonaws.com/app/Competitions/000001/Users/00000203/Submissions/0054/output.csv?X-Amz-Algorithm=AWS4-HMAC-SHA256&X-Amz-Credential=AKIA45LU4MHUJ7WLDQVO%2F20210409%2Fap-northeast-2%2Fs3%2Faws4_request&X-Amz-Date=20210409T001902Z&X-Amz-Expires=3600&X-Amz-SignedHeaders=host&X-Amz-Signature=84c6f85df661a62e01fea927e2c5dd315b1553d248ed350df821c81c2d171578"	"{\"training\": {}, \"inference\": {}}"	""	"{\"accuracy\": {\"value\": \"82.2222%\", \"rank\": false, \"decs\": true}, \"f1\": {\"value\": \"0.7835\", \"rank\": true, \"decs\": true}}"	"2021-04-08T15:12:02.085471+09:00"	true	"82.2222%"	"0.7835"
53	6220	203	"박성배_T1247"	"https://s3-ap-northeast-2.amazonaws.com/prod-aistages-public/app/Users/00000203/user_image.png"	"https://prod-aistages-private.s3.amazonaws.com/app/Competitions/000001/Users/00000203/Submissions/0053/output.csv?X-Amz-Algorithm=AWS4-HMAC-SHA256&X-Amz-Credential=AKIA45LU4MHUJ7WLDQVO%2F20210409%2Fap-northeast-2%2Fs3%2Faws4_request&X-Amz-Date=20210409T001902Z&X-Amz-Expires=3600&X-Amz-SignedHeaders=host&X-Amz-Signature=4ac3cbe2fc67b06a135a071ff1a66d6b2a08b8b331251c4b89db1e351e028665"	"{\"training\": {}, \"inference\": {}}"	""	"{\"accuracy\": {\"value\": \"81.6508%\", \"rank\": false, \"decs\": true}, \"f1\": {\"value\": \"0.7767\", \"rank\": true, \"decs\": true}}"	"2021-04-08T14:51:55.695761+09:00"	false	"81.6508%"	"0.7767"
51	6043	203	"박성배_T1247"	"https://s3-ap-northeast-2.amazonaws.com/prod-aistages-public/app/Users/00000203/user_image.png"	"https://prod-aistages-private.s3.amazonaws.com/app/Competitions/000001/Users/00000203/Submissions/0051/output.csv?X-Amz-Algorithm=AWS4-HMAC-SHA256&X-Amz-Credential=AKIA45LU4MHUJ7WLDQVO%2F20210409%2Fap-northeast-2%2Fs3%2Faws4_request&X-Amz-Date=20210409T001902Z&X-Amz-Expires=3600&X-Amz-SignedHeaders=host&X-Amz-Signature=248b14e2422970da4d68190afbec3c997a086e3dbf5e91e0aae536f256f894c9"	"{\"training\": {}, \"inference\": {}}"	""	"{\"accuracy\": {\"value\": \"81.6190%\", \"rank\": false, \"decs\": true}, \"f1\": {\"value\": \"0.7761\", \"rank\": true, \"decs\": true}}"	"2021-04-08T13:05:44.499648+09:00"	false	"81.6190%"	"0.7761"
52	6088	203	"박성배_T1247"	"https://s3-ap-northeast-2.amazonaws.com/prod-aistages-public/app/Users/00000203/user_image.png"	"https://prod-aistages-private.s3.amazonaws.com/app/Competitions/000001/Users/00000203/Submissions/0052/output.csv?X-Amz-Algorithm=AWS4-HMAC-SHA256&X-Amz-Credential=AKIA45LU4MHUJ7WLDQVO%2F20210409%2Fap-northeast-2%2Fs3%2Faws4_request&X-Amz-Date=20210409T001902Z&X-Amz-Expires=3600&X-Amz-SignedHeaders=host&X-Amz-Signature=c1c361533af1244e3a8a8c7944228be21f81a38710dcefbb196a51e18b5e6613"	"{\"training\": {}, \"inference\": {}}"	""	"{\"accuracy\": {\"value\": \"81.6032%\", \"rank\": false, \"decs\": true}, \"f1\": {\"value\": \"0.7760\", \"rank\": true, \"decs\": true}}"	"2021-04-08T13:30:23.462696+09:00"	false	"81.6032%"	"0.7760"
50	5969	203	"박성배_T1247"	"https://s3-ap-northeast-2.amazonaws.com/prod-aistages-public/app/Users/00000203/user_image.png"	"https://prod-aistages-private.s3.amazonaws.com/app/Competitions/000001/Users/00000203/Submissions/0050/output.csv?X-Amz-Algorithm=AWS4-HMAC-SHA256&X-Amz-Credential=AKIA45LU4MHUJ7WLDQVO%2F20210409%2Fap-northeast-2%2Fs3%2Faws4_request&X-Amz-Date=20210409T001902Z&X-Amz-Expires=3600&X-Amz-SignedHeaders=host&X-Amz-Signature=37bf7088d9b4966f12a3c0028ed43a829977d941cd2b44dd0cdd8207f07a59b5"	"{\"training\": {}, \"inference\": {}}"	""	"{\"accuracy\": {\"value\": \"81.7302%\", \"rank\": false, \"decs\": true}, \"f1\": {\"value\": \"0.7737\", \"rank\": true, \"decs\": true}}"	"2021-04-08T12:14:18.288857+09:00"	false	"81.7302%"	"0.7737"
22	2050	203	"박성배_T1247"	"https://s3-ap-northeast-2.amazonaws.com/prod-aistages-public/app/Users/00000203/user_image.png"	"https://prod-aistages-private.s3.amazonaws.com/app/Competitions/000001/Users/00000203/Submissions/0022/output.csv?X-Amz-Algorithm=AWS4-HMAC-SHA256&X-Amz-Credential=AKIA45LU4MHUJ7WLDQVO%2F20210409%2Fap-northeast-2%2Fs3%2Faws4_request&X-Amz-Date=20210409T001902Z&X-Amz-Expires=3600&X-Amz-SignedHeaders=host&X-Amz-Signature=32e5908f0a3cc5b76367d743193175af2ae494cbce76c006f185187d73049c87"	"{\"training\": {}, \"inference\": {}}"	"10epoch /grif(2,2)(4,2)/ b3 /adam 3e-4/batchsize64/"	"{\"accuracy\": {\"value\": \"81.5873%\", \"rank\": false, \"decs\": true}, \"f1\": {\"value\": \"0.7660\", \"rank\": true, \"decs\": true}}"	"2021-04-03T01:15:13.334032+09:00"	false	"81.5873%"	"0.7660"
43	5113	203	"박성배_T1247"	"https://s3-ap-northeast-2.amazonaws.com/prod-aistages-public/app/Users/00000203/user_image.png"	"https://prod-aistages-private.s3.amazonaws.com/app/Competitions/000001/Users/00000203/Submissions/0043/output.csv?X-Amz-Algorithm=AWS4-HMAC-SHA256&X-Amz-Credential=AKIA45LU4MHUJ7WLDQVO%2F20210409%2Fap-northeast-2%2Fs3%2Faws4_request&X-Amz-Date=20210409T001902Z&X-Amz-Expires=3600&X-Amz-SignedHeaders=host&X-Amz-Signature=b552baccb5f276c14dd9177fc67a170af457c44eacc5e730d5be3cc387c6b0ff"	"{\"training\": {}, \"inference\": {}}"	""	"{\"accuracy\": {\"value\": \"80.4603%\", \"rank\": false, \"decs\": true}, \"f1\": {\"value\": \"0.7646\", \"rank\": true, \"decs\": true}}"	"2021-04-07T19:12:59.720947+09:00"	false	"80.4603%"	"0.7646"
44	5146	203	"박성배_T1247"	"https://s3-ap-northeast-2.amazonaws.com/prod-aistages-public/app/Users/00000203/user_image.png"	"https://prod-aistages-private.s3.amazonaws.com/app/Competitions/000001/Users/00000203/Submissions/0044/output.csv?X-Amz-Algorithm=AWS4-HMAC-SHA256&X-Amz-Credential=AKIA45LU4MHUJ7WLDQVO%2F20210409%2Fap-northeast-2%2Fs3%2Faws4_request&X-Amz-Date=20210409T001902Z&X-Amz-Expires=3600&X-Amz-SignedHeaders=host&X-Amz-Signature=ee48773ca57f7261c57bd3d080c9e38274a8e7de851cba4163d25f7b8a4ac45e"	"{\"training\": {}, \"inference\": {}}"	""	"{\"accuracy\": {\"value\": \"80.5556%\", \"rank\": false, \"decs\": true}, \"f1\": {\"value\": \"0.7625\", \"rank\": true, \"decs\": true}}"	"2021-04-07T19:40:28.961079+09:00"	false	"80.5556%"	"0.7625"
14	1485	203	"박성배_T1247"	"https://s3-ap-northeast-2.amazonaws.com/prod-aistages-public/app/Users/00000203/user_image.png"	"https://prod-aistages-private.s3.amazonaws.com/app/Competitions/000001/Users/00000203/Submissions/0014/output.csv?X-Amz-Algorithm=AWS4-HMAC-SHA256&X-Amz-Credential=AKIA45LU4MHUJ7WLDQVO%2F20210409%2Fap-northeast-2%2Fs3%2Faws4_request&X-Amz-Date=20210409T001902Z&X-Amz-Expires=3600&X-Amz-SignedHeaders=host&X-Amz-Signature=71a6d4ed2da1bc5c03b0b7f8ca9224c945550f1df0e19a08b464107258efc483"	"{\"training\": {}, \"inference\": {}}"	"age57/ b5,b3,b3 / epoch30/"	"{\"accuracy\": {\"value\": \"80.2200%\", \"rank\": false, \"decs\": true}, \"f1\": {\"value\": \"0.7600\", \"rank\": true, \"decs\": true}}"	"2021-04-01T23:45:11.342186+09:00"	false	"80.2200%"	"0.7600"
39	5055	203	"박성배_T1247"	"https://s3-ap-northeast-2.amazonaws.com/prod-aistages-public/app/Users/00000203/user_image.png"	"https://prod-aistages-private.s3.amazonaws.com/app/Competitions/000001/Users/00000203/Submissions/0039/output.csv?X-Amz-Algorithm=AWS4-HMAC-SHA256&X-Amz-Credential=AKIA45LU4MHUJ7WLDQVO%2F20210409%2Fap-northeast-2%2Fs3%2Faws4_request&X-Amz-Date=20210409T001902Z&X-Amz-Expires=3600&X-Amz-SignedHeaders=host&X-Amz-Signature=102c9e437ea310b2785d070e49d515019f31b032b7917c7319e2c865edbd5217"	"{\"training\": {}, \"inference\": {}}"	""	"{\"accuracy\": {\"value\": \"80.9683%\", \"rank\": false, \"decs\": true}, \"f1\": {\"value\": \"0.7577\", \"rank\": true, \"decs\": true}}"	"2021-04-07T18:23:21.256089+09:00"	false	"80.9683%"	"0.7577"
49	5889	203	"박성배_T1247"	"https://s3-ap-northeast-2.amazonaws.com/prod-aistages-public/app/Users/00000203/user_image.png"	"https://prod-aistages-private.s3.amazonaws.com/app/Competitions/000001/Users/00000203/Submissions/0049/output.csv?X-Amz-Algorithm=AWS4-HMAC-SHA256&X-Amz-Credential=AKIA45LU4MHUJ7WLDQVO%2F20210409%2Fap-northeast-2%2Fs3%2Faws4_request&X-Amz-Date=20210409T001902Z&X-Amz-Expires=3600&X-Amz-SignedHeaders=host&X-Amz-Signature=6b64190a5b836744a42e87945a199ccca746afd40e0a9c974262fc480085b422"	"{\"training\": {}, \"inference\": {}}"	""	"{\"accuracy\": {\"value\": \"80.9683%\", \"rank\": false, \"decs\": true}, \"f1\": {\"value\": \"0.7577\", \"rank\": true, \"decs\": true}}"	"2021-04-08T10:47:30.431415+09:00"	false	"80.9683%"	"0.7577"
31	4103	203	"박성배_T1247"	"https://s3-ap-northeast-2.amazonaws.com/prod-aistages-public/app/Users/00000203/user_image.png"	"https://prod-aistages-private.s3.amazonaws.com/app/Competitions/000001/Users/00000203/Submissions/0031/output.csv?X-Amz-Algorithm=AWS4-HMAC-SHA256&X-Amz-Credential=AKIA45LU4MHUJ7WLDQVO%2F20210409%2Fap-northeast-2%2Fs3%2Faws4_request&X-Amz-Date=20210409T001902Z&X-Amz-Expires=3600&X-Amz-SignedHeaders=host&X-Amz-Signature=74f35de9859c8d94db433f89b26e6aebf67744aaad788af12dbb763b782317b0"	"{\"training\": {}, \"inference\": {}}"	""	"{\"accuracy\": {\"value\": \"81.4127%\", \"rank\": false, \"decs\": true}, \"f1\": {\"value\": \"0.7569\", \"rank\": true, \"decs\": true}}"	"2021-04-06T20:54:56.575514+09:00"	false	"81.4127%"	"0.7569"
32	4125	203	"박성배_T1247"	"https://s3-ap-northeast-2.amazonaws.com/prod-aistages-public/app/Users/00000203/user_image.png"	"https://prod-aistages-private.s3.amazonaws.com/app/Competitions/000001/Users/00000203/Submissions/0032/output.csv?X-Amz-Algorithm=AWS4-HMAC-SHA256&X-Amz-Credential=AKIA45LU4MHUJ7WLDQVO%2F20210409%2Fap-northeast-2%2Fs3%2Faws4_request&X-Amz-Date=20210409T001902Z&X-Amz-Expires=3600&X-Amz-SignedHeaders=host&X-Amz-Signature=76f2e06c16fdb08d51fc6ea761e945c6e67bcd1a685d57da57ea162c0813591d"	"{\"training\": {}, \"inference\": {}}"	""	"{\"accuracy\": {\"value\": \"81.4127%\", \"rank\": false, \"decs\": true}, \"f1\": {\"value\": \"0.7569\", \"rank\": true, \"decs\": true}}"	"2021-04-06T20:58:21.937160+09:00"	false	"81.4127%"	"0.7569"
40	5068	203	"박성배_T1247"	"https://s3-ap-northeast-2.amazonaws.com/prod-aistages-public/app/Users/00000203/user_image.png"	"https://prod-aistages-private.s3.amazonaws.com/app/Competitions/000001/Users/00000203/Submissions/0040/output.csv?X-Amz-Algorithm=AWS4-HMAC-SHA256&X-Amz-Credential=AKIA45LU4MHUJ7WLDQVO%2F20210409%2Fap-northeast-2%2Fs3%2Faws4_request&X-Amz-Date=20210409T001902Z&X-Amz-Expires=3600&X-Amz-SignedHeaders=host&X-Amz-Signature=78a0f33fb8c4bf2f4e6191709200e916eb20dc3104629ee1429414ed52658ac5"	"{\"training\": {}, \"inference\": {}}"	""	"{\"accuracy\": {\"value\": \"81.1429%\", \"rank\": false, \"decs\": true}, \"f1\": {\"value\": \"0.7539\", \"rank\": true, \"decs\": true}}"	"2021-04-07T18:30:28.296460+09:00"	false	"81.1429%"	"0.7539"
46	5824	203	"박성배_T1247"	"https://s3-ap-northeast-2.amazonaws.com/prod-aistages-public/app/Users/00000203/user_image.png"	"https://prod-aistages-private.s3.amazonaws.com/app/Competitions/000001/Users/00000203/Submissions/0046/output.csv?X-Amz-Algorithm=AWS4-HMAC-SHA256&X-Amz-Credential=AKIA45LU4MHUJ7WLDQVO%2F20210409%2Fap-northeast-2%2Fs3%2Faws4_request&X-Amz-Date=20210409T001902Z&X-Amz-Expires=3600&X-Amz-SignedHeaders=host&X-Amz-Signature=057813689162cefcfb939021ef86b660ff0dcb9902331b7c0bd34a76529a3adc"	"{\"training\": {}, \"inference\": {}}"	""	"{\"accuracy\": {\"value\": \"80.9365%\", \"rank\": false, \"decs\": true}, \"f1\": {\"value\": \"0.7512\", \"rank\": true, \"decs\": true}}"	"2021-04-08T10:00:57.468862+09:00"	false	"80.9365%"	"0.7512"
25	2766	203	"박성배_T1247"	"https://s3-ap-northeast-2.amazonaws.com/prod-aistages-public/app/Users/00000203/user_image.png"	"https://prod-aistages-private.s3.amazonaws.com/app/Competitions/000001/Users/00000203/Submissions/0025/output.csv?X-Amz-Algorithm=AWS4-HMAC-SHA256&X-Amz-Credential=AKIA45LU4MHUJ7WLDQVO%2F20210409%2Fap-northeast-2%2Fs3%2Faws4_request&X-Amz-Date=20210409T001902Z&X-Amz-Expires=3600&X-Amz-SignedHeaders=host&X-Amz-Signature=c4d0d19105c3e742d9e9de1fa98f6604aec29a54f4d8b5d48891a358853dab3f"	"{\"training\": {}, \"inference\": {}}"	""	"{\"accuracy\": {\"value\": \"80.8095%\", \"rank\": false, \"decs\": true}, \"f1\": {\"value\": \"0.7509\", \"rank\": true, \"decs\": true}}"	"2021-04-05T00:53:28.986883+09:00"	false	"80.8095%"	"0.7509"
26	2784	203	"박성배_T1247"	"https://s3-ap-northeast-2.amazonaws.com/prod-aistages-public/app/Users/00000203/user_image.png"	"https://prod-aistages-private.s3.amazonaws.com/app/Competitions/000001/Users/00000203/Submissions/0026/output.csv?X-Amz-Algorithm=AWS4-HMAC-SHA256&X-Amz-Credential=AKIA45LU4MHUJ7WLDQVO%2F20210409%2Fap-northeast-2%2Fs3%2Faws4_request&X-Amz-Date=20210409T001902Z&X-Amz-Expires=3600&X-Amz-SignedHeaders=host&X-Amz-Signature=42c0aedc3827b571c61567463d2aa387e0ae5f604178d43321b947e9dae4f46c"	"{\"training\": {}, \"inference\": {}}"	""	"{\"accuracy\": {\"value\": \"80.7143%\", \"rank\": false, \"decs\": true}, \"f1\": {\"value\": \"0.7507\", \"rank\": true, \"decs\": true}}"	"2021-04-05T01:39:34.178481+09:00"	false	"80.7143%"	"0.7507"
15	1635	203	"박성배_T1247"	"https://s3-ap-northeast-2.amazonaws.com/prod-aistages-public/app/Users/00000203/user_image.png"	"https://prod-aistages-private.s3.amazonaws.com/app/Competitions/000001/Users/00000203/Submissions/0015/output.csv?X-Amz-Algorithm=AWS4-HMAC-SHA256&X-Amz-Credential=AKIA45LU4MHUJ7WLDQVO%2F20210409%2Fap-northeast-2%2Fs3%2Faws4_request&X-Amz-Date=20210409T001902Z&X-Amz-Expires=3600&X-Amz-SignedHeaders=host&X-Amz-Signature=730cb83e5e60b6e849d83c62cef0f0662dd362e206f5ea680fe4e56aab08b257"	"{\"training\": {}, \"inference\": {}}"	"sgd/b5,b3,b3/ 2fold / 20epochs/f1_score"	"{\"accuracy\": {\"value\": \"79.5400%\", \"rank\": false, \"decs\": true}, \"f1\": {\"value\": \"0.7500\", \"rank\": true, \"decs\": true}}"	"2021-04-02T09:47:42.764252+09:00"	false	"79.5400%"	"0.7500"
41	5080	203	"박성배_T1247"	"https://s3-ap-northeast-2.amazonaws.com/prod-aistages-public/app/Users/00000203/user_image.png"	"https://prod-aistages-private.s3.amazonaws.com/app/Competitions/000001/Users/00000203/Submissions/0041/output.csv?X-Amz-Algorithm=AWS4-HMAC-SHA256&X-Amz-Credential=AKIA45LU4MHUJ7WLDQVO%2F20210409%2Fap-northeast-2%2Fs3%2Faws4_request&X-Amz-Date=20210409T001902Z&X-Amz-Expires=3600&X-Amz-SignedHeaders=host&X-Amz-Signature=5d68087747ccad9b5f0ca681194a37036a33f8e2ada24e3a12c5040545703792"	"{\"training\": {}, \"inference\": {}}"	""	"{\"accuracy\": {\"value\": \"80.6190%\", \"rank\": false, \"decs\": true}, \"f1\": {\"value\": \"0.7465\", \"rank\": true, \"decs\": true}}"	"2021-04-07T18:38:54.619513+09:00"	false	"80.6190%"	"0.7465"
47	5826	203	"박성배_T1247"	"https://s3-ap-northeast-2.amazonaws.com/prod-aistages-public/app/Users/00000203/user_image.png"	"https://prod-aistages-private.s3.amazonaws.com/app/Competitions/000001/Users/00000203/Submissions/0047/output.csv?X-Amz-Algorithm=AWS4-HMAC-SHA256&X-Amz-Credential=AKIA45LU4MHUJ7WLDQVO%2F20210409%2Fap-northeast-2%2Fs3%2Faws4_request&X-Amz-Date=20210409T001902Z&X-Amz-Expires=3600&X-Amz-SignedHeaders=host&X-Amz-Signature=209970e37a5bd78b4f86413b8c598d11a7bd6e39165e26023391169f4512acfe"	"{\"training\": {}, \"inference\": {}}"	""	"{\"accuracy\": {\"value\": \"80.6508%\", \"rank\": false, \"decs\": true}, \"f1\": {\"value\": \"0.7460\", \"rank\": true, \"decs\": true}}"	"2021-04-08T10:02:37.116282+09:00"	false	"80.6508%"	"0.7460"
27	2830	203	"박성배_T1247"	"https://s3-ap-northeast-2.amazonaws.com/prod-aistages-public/app/Users/00000203/user_image.png"	"https://prod-aistages-private.s3.amazonaws.com/app/Competitions/000001/Users/00000203/Submissions/0027/output.csv?X-Amz-Algorithm=AWS4-HMAC-SHA256&X-Amz-Credential=AKIA45LU4MHUJ7WLDQVO%2F20210409%2Fap-northeast-2%2Fs3%2Faws4_request&X-Amz-Date=20210409T001902Z&X-Amz-Expires=3600&X-Amz-SignedHeaders=host&X-Amz-Signature=f32df77a29ae5e35142291838fddffcac208f626c7087c0ffa43ffcf4c268e95"	"{\"training\": {}, \"inference\": {}}"	""	"{\"accuracy\": {\"value\": \"80.3492%\", \"rank\": false, \"decs\": true}, \"f1\": {\"value\": \"0.7450\", \"rank\": true, \"decs\": true}}"	"2021-04-05T04:10:50.916125+09:00"	false	"80.3492%"	"0.7450"
29	2955	203	"박성배_T1247"	"https://s3-ap-northeast-2.amazonaws.com/prod-aistages-public/app/Users/00000203/user_image.png"	"https://prod-aistages-private.s3.amazonaws.com/app/Competitions/000001/Users/00000203/Submissions/0029/output.csv?X-Amz-Algorithm=AWS4-HMAC-SHA256&X-Amz-Credential=AKIA45LU4MHUJ7WLDQVO%2F20210409%2Fap-northeast-2%2Fs3%2Faws4_request&X-Amz-Date=20210409T001902Z&X-Amz-Expires=3600&X-Amz-SignedHeaders=host&X-Amz-Signature=8405d3e7270267f888a8505d55023f3fe70b04ea3c402aaa539aa95c4b2df7aa"	"{\"training\": {}, \"inference\": {}}"	"57/10에폭/b3"	"{\"accuracy\": {\"value\": \"78.9048%\", \"rank\": false, \"decs\": true}, \"f1\": {\"value\": \"0.7432\", \"rank\": true, \"decs\": true}}"	"2021-04-05T13:07:02.356263+09:00"	false	"78.9048%"	"0.7432"
16	1678	203	"박성배_T1247"	"https://s3-ap-northeast-2.amazonaws.com/prod-aistages-public/app/Users/00000203/user_image.png"	"https://prod-aistages-private.s3.amazonaws.com/app/Competitions/000001/Users/00000203/Submissions/0016/output.csv?X-Amz-Algorithm=AWS4-HMAC-SHA256&X-Amz-Credential=AKIA45LU4MHUJ7WLDQVO%2F20210409%2Fap-northeast-2%2Fs3%2Faws4_request&X-Amz-Date=20210409T001902Z&X-Amz-Expires=3600&X-Amz-SignedHeaders=host&X-Amz-Signature=6432aeb62a3faf63a03cf6d23766517bdd4a1cac0339644c4d4a4fd2bb682bb6"	"{\"training\": {}, \"inference\": {}}"	"8:2 idx split/ f1_score=0.99,0.99,0.84/ 0.6aug/adam 2epochs"	"{\"accuracy\": {\"value\": \"78.5600%\", \"rank\": false, \"decs\": true}, \"f1\": {\"value\": \"0.7400\", \"rank\": true, \"decs\": true}}"	"2021-04-02T11:11:47.639746+09:00"	false	"78.5600%"	"0.7400"
20	2002	203	"박성배_T1247"	"https://s3-ap-northeast-2.amazonaws.com/prod-aistages-public/app/Users/00000203/user_image.png"	"https://prod-aistages-private.s3.amazonaws.com/app/Competitions/000001/Users/00000203/Submissions/0020/output.csv?X-Amz-Algorithm=AWS4-HMAC-SHA256&X-Amz-Credential=AKIA45LU4MHUJ7WLDQVO%2F20210409%2Fap-northeast-2%2Fs3%2Faws4_request&X-Amz-Date=20210409T001902Z&X-Amz-Expires=3600&X-Amz-SignedHeaders=host&X-Amz-Signature=557573f4c93feccdfd6ac8d956c546087bdd7382c379a2f4ac71d12ed7cf87ef"	"{\"training\": {}, \"inference\": {}}"	"secret recipe"	"{\"accuracy\": {\"value\": \"79.4762%\", \"rank\": false, \"decs\": true}, \"f1\": {\"value\": \"0.7393\", \"rank\": true, \"decs\": true}}"	"2021-04-02T23:49:01.595541+09:00"	false	"79.4762%"	"0.7393"
28	2915	203	"박성배_T1247"	"https://s3-ap-northeast-2.amazonaws.com/prod-aistages-public/app/Users/00000203/user_image.png"	"https://prod-aistages-private.s3.amazonaws.com/app/Competitions/000001/Users/00000203/Submissions/0028/output.csv?X-Amz-Algorithm=AWS4-HMAC-SHA256&X-Amz-Credential=AKIA45LU4MHUJ7WLDQVO%2F20210409%2Fap-northeast-2%2Fs3%2Faws4_request&X-Amz-Date=20210409T001902Z&X-Amz-Expires=3600&X-Amz-SignedHeaders=host&X-Amz-Signature=961e9f1f57a2498f3fe439c9457cd907d6209397bf157fa0981792239ffb9431"	"{\"training\": {}, \"inference\": {}}"	""	"{\"accuracy\": {\"value\": \"79.6984%\", \"rank\": false, \"decs\": true}, \"f1\": {\"value\": \"0.7392\", \"rank\": true, \"decs\": true}}"	"2021-04-05T11:23:30.827938+09:00"	false	"79.6984%"	"0.7392"
24	2736	203	"박성배_T1247"	"https://s3-ap-northeast-2.amazonaws.com/prod-aistages-public/app/Users/00000203/user_image.png"	"https://prod-aistages-private.s3.amazonaws.com/app/Competitions/000001/Users/00000203/Submissions/0024/output.csv?X-Amz-Algorithm=AWS4-HMAC-SHA256&X-Amz-Credential=AKIA45LU4MHUJ7WLDQVO%2F20210409%2Fap-northeast-2%2Fs3%2Faws4_request&X-Amz-Date=20210409T001902Z&X-Amz-Expires=3600&X-Amz-SignedHeaders=host&X-Amz-Signature=f8e672ffc000f10ce08d51b5a923e8e98f76c535dc3e56b0f12c20c6b91f7b7b"	"{\"training\": {}, \"inference\": {}}"	"44 그리드셔플 "	"{\"accuracy\": {\"value\": \"79.3492%\", \"rank\": false, \"decs\": true}, \"f1\": {\"value\": \"0.7382\", \"rank\": true, \"decs\": true}}"	"2021-04-04T23:41:52.562165+09:00"	false	"79.3492%"	"0.7382"
23	2668	203	"박성배_T1247"	"https://s3-ap-northeast-2.amazonaws.com/prod-aistages-public/app/Users/00000203/user_image.png"	"https://prod-aistages-private.s3.amazonaws.com/app/Competitions/000001/Users/00000203/Submissions/0023/output.csv?X-Amz-Algorithm=AWS4-HMAC-SHA256&X-Amz-Credential=AKIA45LU4MHUJ7WLDQVO%2F20210409%2Fap-northeast-2%2Fs3%2Faws4_request&X-Amz-Date=20210409T001902Z&X-Amz-Expires=3600&X-Amz-SignedHeaders=host&X-Amz-Signature=99efdeddde3902a3a47a30e9eb3b043cb8d426c77c687a93cc0a463c7de15fc9"	"{\"training\": {}, \"inference\": {}}"	"20 eopchs/ 0.9 training ration / with b5 model 32 batch_size"	"{\"accuracy\": {\"value\": \"79.3492%\", \"rank\": false, \"decs\": true}, \"f1\": {\"value\": \"0.7346\", \"rank\": true, \"decs\": true}}"	"2021-04-04T21:01:05.739269+09:00"	false	"79.3492%"	"0.7346"
42	5096	203	"박성배_T1247"	"https://s3-ap-northeast-2.amazonaws.com/prod-aistages-public/app/Users/00000203/user_image.png"	"https://prod-aistages-private.s3.amazonaws.com/app/Competitions/000001/Users/00000203/Submissions/0042/output.csv?X-Amz-Algorithm=AWS4-HMAC-SHA256&X-Amz-Credential=AKIA45LU4MHUJ7WLDQVO%2F20210409%2Fap-northeast-2%2Fs3%2Faws4_request&X-Amz-Date=20210409T001902Z&X-Amz-Expires=3600&X-Amz-SignedHeaders=host&X-Amz-Signature=8e90a432cfb04a4a390a25023d590c4e8c882cb1649a6697fe229f6ad0249944"	"{\"training\": {}, \"inference\": {}}"	""	"{\"accuracy\": {\"value\": \"78.9206%\", \"rank\": false, \"decs\": true}, \"f1\": {\"value\": \"0.7303\", \"rank\": true, \"decs\": true}}"	"2021-04-07T18:57:28.833869+09:00"	false	"78.9206%"	"0.7303"
45	5823	203	"박성배_T1247"	"https://s3-ap-northeast-2.amazonaws.com/prod-aistages-public/app/Users/00000203/user_image.png"	"https://prod-aistages-private.s3.amazonaws.com/app/Competitions/000001/Users/00000203/Submissions/0045/output.csv?X-Amz-Algorithm=AWS4-HMAC-SHA256&X-Amz-Credential=AKIA45LU4MHUJ7WLDQVO%2F20210409%2Fap-northeast-2%2Fs3%2Faws4_request&X-Amz-Date=20210409T001902Z&X-Amz-Expires=3600&X-Amz-SignedHeaders=host&X-Amz-Signature=923bf8770debe8c03da99c1d5a65ba2ca11a54694f3e993abfc6df04a4349601"	"{\"training\": {}, \"inference\": {}}"	""	"{\"accuracy\": {\"value\": \"78.9206%\", \"rank\": false, \"decs\": true}, \"f1\": {\"value\": \"0.7303\", \"rank\": true, \"decs\": true}}"	"2021-04-08T09:59:39.248751+09:00"	false	"78.9206%"	"0.7303"
48	5835	203	"박성배_T1247"	"https://s3-ap-northeast-2.amazonaws.com/prod-aistages-public/app/Users/00000203/user_image.png"	"https://prod-aistages-private.s3.amazonaws.com/app/Competitions/000001/Users/00000203/Submissions/0048/output.csv?X-Amz-Algorithm=AWS4-HMAC-SHA256&X-Amz-Credential=AKIA45LU4MHUJ7WLDQVO%2F20210409%2Fap-northeast-2%2Fs3%2Faws4_request&X-Amz-Date=20210409T001902Z&X-Amz-Expires=3600&X-Amz-SignedHeaders=host&X-Amz-Signature=9758a483e985085653416aa0fab5f208a3bba41d9d294cffb9674f8dac4b30ca"	"{\"training\": {}, \"inference\": {}}"	""	"{\"accuracy\": {\"value\": \"78.9206%\", \"rank\": false, \"decs\": true}, \"f1\": {\"value\": \"0.7303\", \"rank\": true, \"decs\": true}}"	"2021-04-08T10:08:24.922204+09:00"	false	"78.9206%"	"0.7303"
13	1390	203	"박성배_T1247"	"https://s3-ap-northeast-2.amazonaws.com/prod-aistages-public/app/Users/00000203/user_image.png"	"https://prod-aistages-private.s3.amazonaws.com/app/Competitions/000001/Users/00000203/Submissions/0013/output.csv?X-Amz-Algorithm=AWS4-HMAC-SHA256&X-Amz-Credential=AKIA45LU4MHUJ7WLDQVO%2F20210409%2Fap-northeast-2%2Fs3%2Faws4_request&X-Amz-Date=20210409T001902Z&X-Amz-Expires=3600&X-Amz-SignedHeaders=host&X-Amz-Signature=c6569eb6cc74f61a8f7cfda5d39b0adf1055669537dc5f5f82ad859e775762f2"	"{\"training\": {}, \"inference\": {}}"	""	"{\"accuracy\": {\"value\": \"79.5100%\", \"rank\": false, \"decs\": true}, \"f1\": {\"value\": \"0.7300\", \"rank\": true, \"decs\": true}}"	"2021-04-01T20:35:29.228289+09:00"	false	"79.5100%"	"0.7300"
19	1896	203	"박성배_T1247"	"https://s3-ap-northeast-2.amazonaws.com/prod-aistages-public/app/Users/00000203/user_image.png"	"https://prod-aistages-private.s3.amazonaws.com/app/Competitions/000001/Users/00000203/Submissions/0019/output.csv?X-Amz-Algorithm=AWS4-HMAC-SHA256&X-Amz-Credential=AKIA45LU4MHUJ7WLDQVO%2F20210409%2Fap-northeast-2%2Fs3%2Faws4_request&X-Amz-Date=20210409T001902Z&X-Amz-Expires=3600&X-Amz-SignedHeaders=host&X-Amz-Signature=71516460a7f13ec9b6bd75cd24d6bbc031301a0f50cbf2b18d640f7cc3305a08"	"{\"training\": {}, \"inference\": {}}"	""	"{\"accuracy\": {\"value\": \"78.9500%\", \"rank\": false, \"decs\": true}, \"f1\": {\"value\": \"0.7300\", \"rank\": true, \"decs\": true}}"	"2021-04-02T18:14:14.470121+09:00"	false	"78.9500%"	"0.7300"
33	4229	203	"박성배_T1247"	"https://s3-ap-northeast-2.amazonaws.com/prod-aistages-public/app/Users/00000203/user_image.png"	"https://prod-aistages-private.s3.amazonaws.com/app/Competitions/000001/Users/00000203/Submissions/0033/output.csv?X-Amz-Algorithm=AWS4-HMAC-SHA256&X-Amz-Credential=AKIA45LU4MHUJ7WLDQVO%2F20210409%2Fap-northeast-2%2Fs3%2Faws4_request&X-Amz-Date=20210409T001902Z&X-Amz-Expires=3600&X-Amz-SignedHeaders=host&X-Amz-Signature=f75bd39e92a7716171c5cadb8947be2e0bdd54fdff00e67739e42d1d50452ab3"	"{\"training\": {}, \"inference\": {}}"	""	"{\"accuracy\": {\"value\": \"77.8571%\", \"rank\": false, \"decs\": true}, \"f1\": {\"value\": \"0.7241\", \"rank\": true, \"decs\": true}}"	"2021-04-06T23:10:19.506251+09:00"	false	"77.8571%"	"0.7241"
34	4420	203	"박성배_T1247"	"https://s3-ap-northeast-2.amazonaws.com/prod-aistages-public/app/Users/00000203/user_image.png"	"https://prod-aistages-private.s3.amazonaws.com/app/Competitions/000001/Users/00000203/Submissions/0034/output.csv?X-Amz-Algorithm=AWS4-HMAC-SHA256&X-Amz-Credential=AKIA45LU4MHUJ7WLDQVO%2F20210409%2Fap-northeast-2%2Fs3%2Faws4_request&X-Amz-Date=20210409T001902Z&X-Amz-Expires=3600&X-Amz-SignedHeaders=host&X-Amz-Signature=4c4063f2f80d3bb4c380b3d146f1bed4d2bb8c035632c89e94439d9aad379860"	"{\"training\": {}, \"inference\": {}}"	""	"{\"accuracy\": {\"value\": \"78.4127%\", \"rank\": false, \"decs\": true}, \"f1\": {\"value\": \"0.7209\", \"rank\": true, \"decs\": true}}"	"2021-04-07T02:56:22.883533+09:00"	false	"78.4127%"	"0.7209"
17	1746	203	"박성배_T1247"	"https://s3-ap-northeast-2.amazonaws.com/prod-aistages-public/app/Users/00000203/user_image.png"	"https://prod-aistages-private.s3.amazonaws.com/app/Competitions/000001/Users/00000203/Submissions/0017/output.csv?X-Amz-Algorithm=AWS4-HMAC-SHA256&X-Amz-Credential=AKIA45LU4MHUJ7WLDQVO%2F20210409%2Fap-northeast-2%2Fs3%2Faws4_request&X-Amz-Date=20210409T001902Z&X-Amz-Expires=3600&X-Amz-SignedHeaders=host&X-Amz-Signature=1f40a2fa1eed5fe69f809ba4bd4ba0ca31ef26ed7b8904d88d2fb3e1a0672ec0"	"{\"training\": {}, \"inference\": {}}"	"secret"	"{\"accuracy\": {\"value\": \"77.8600%\", \"rank\": false, \"decs\": true}, \"f1\": {\"value\": \"0.7200\", \"rank\": true, \"decs\": true}}"	"2021-04-02T13:14:46.506934+09:00"	false	"77.8600%"	"0.7200"
21	2006	203	"박성배_T1247"	"https://s3-ap-northeast-2.amazonaws.com/prod-aistages-public/app/Users/00000203/user_image.png"	"https://prod-aistages-private.s3.amazonaws.com/app/Competitions/000001/Users/00000203/Submissions/0021/output.csv?X-Amz-Algorithm=AWS4-HMAC-SHA256&X-Amz-Credential=AKIA45LU4MHUJ7WLDQVO%2F20210409%2Fap-northeast-2%2Fs3%2Faws4_request&X-Amz-Date=20210409T001902Z&X-Amz-Expires=3600&X-Amz-SignedHeaders=host&X-Amz-Signature=bf7c6e3ff9890c7d684e37078704d450dcde26148d0932bc152ea943397db797"	"{\"training\": {}, \"inference\": {}}"	""	"{\"accuracy\": {\"value\": \"77.0476%\", \"rank\": false, \"decs\": true}, \"f1\": {\"value\": \"0.7146\", \"rank\": true, \"decs\": true}}"	"2021-04-03T00:05:09.254918+09:00"	false	"77.0476%"	"0.7146"
10	1047	203	"박성배_T1247"	"https://s3-ap-northeast-2.amazonaws.com/prod-aistages-public/app/Users/00000203/user_image.png"	"https://prod-aistages-private.s3.amazonaws.com/app/Competitions/000001/Users/00000203/Submissions/0010/output.csv?X-Amz-Algorithm=AWS4-HMAC-SHA256&X-Amz-Credential=AKIA45LU4MHUJ7WLDQVO%2F20210409%2Fap-northeast-2%2Fs3%2Faws4_request&X-Amz-Date=20210409T001902Z&X-Amz-Expires=3600&X-Amz-SignedHeaders=host&X-Amz-Signature=3869306188671e8c0e8d7c5ed81ff2170e41ee5944ed112809d7eb27f3772b14"	"{\"training\": {}, \"inference\": {}}"	""	"{\"accuracy\": {\"value\": \"76.9800%\", \"rank\": false, \"decs\": true}, \"f1\": {\"value\": \"0.7100\", \"rank\": true, \"decs\": true}}"	"2021-04-01T00:28:35.102817+09:00"	false	"76.9800%"	"0.7100"
11	1085	203	"박성배_T1247"	"https://s3-ap-northeast-2.amazonaws.com/prod-aistages-public/app/Users/00000203/user_image.png"	"https://prod-aistages-private.s3.amazonaws.com/app/Competitions/000001/Users/00000203/Submissions/0011/output.csv?X-Amz-Algorithm=AWS4-HMAC-SHA256&X-Amz-Credential=AKIA45LU4MHUJ7WLDQVO%2F20210409%2Fap-northeast-2%2Fs3%2Faws4_request&X-Amz-Date=20210409T001902Z&X-Amz-Expires=3600&X-Amz-SignedHeaders=host&X-Amz-Signature=dc3641cfed2e15a0ba52d9147525984157c3055f6b11168fa4e93446ac53a201"	"{\"training\": {}, \"inference\": {}}"	""	"{\"accuracy\": {\"value\": \"75.4300%\", \"rank\": false, \"decs\": true}, \"f1\": {\"value\": \"0.7100\", \"rank\": true, \"decs\": true}}"	"2021-04-01T03:22:16.561577+09:00"	false	"75.4300%"	"0.7100"
12	1353	203	"박성배_T1247"	"https://s3-ap-northeast-2.amazonaws.com/prod-aistages-public/app/Users/00000203/user_image.png"	"https://prod-aistages-private.s3.amazonaws.com/app/Competitions/000001/Users/00000203/Submissions/0012/output.csv?X-Amz-Algorithm=AWS4-HMAC-SHA256&X-Amz-Credential=AKIA45LU4MHUJ7WLDQVO%2F20210409%2Fap-northeast-2%2Fs3%2Faws4_request&X-Amz-Date=20210409T001902Z&X-Amz-Expires=3600&X-Amz-SignedHeaders=host&X-Amz-Signature=b7ac70949c6793f3bc698bfc631fa0b096a284657a360bb6cc845f62de06d337"	"{\"training\": {}, \"inference\": {}}"	""	"{\"accuracy\": {\"value\": \"77.0500%\", \"rank\": false, \"decs\": true}, \"f1\": {\"value\": \"0.7100\", \"rank\": true, \"decs\": true}}"	"2021-04-01T18:39:25.219233+09:00"	false	"77.0500%"	"0.7100"
37	4787	203	"박성배_T1247"	"https://s3-ap-northeast-2.amazonaws.com/prod-aistages-public/app/Users/00000203/user_image.png"	"https://prod-aistages-private.s3.amazonaws.com/app/Competitions/000001/Users/00000203/Submissions/0037/output.csv?X-Amz-Algorithm=AWS4-HMAC-SHA256&X-Amz-Credential=AKIA45LU4MHUJ7WLDQVO%2F20210409%2Fap-northeast-2%2Fs3%2Faws4_request&X-Amz-Date=20210409T001902Z&X-Amz-Expires=3600&X-Amz-SignedHeaders=host&X-Amz-Signature=683e55a1f32fd442f5fe1370c908d698b7dffa1139cb27b9540b2fab7d79b6d3"	"{\"training\": {}, \"inference\": {}}"	""	"{\"accuracy\": {\"value\": \"76.2381%\", \"rank\": false, \"decs\": true}, \"f1\": {\"value\": \"0.6843\", \"rank\": true, \"decs\": true}}"	"2021-04-07T14:11:28.349264+09:00"	false	"76.2381%"	"0.6843"
38	4800	203	"박성배_T1247"	"https://s3-ap-northeast-2.amazonaws.com/prod-aistages-public/app/Users/00000203/user_image.png"	"https://prod-aistages-private.s3.amazonaws.com/app/Competitions/000001/Users/00000203/Submissions/0038/output.csv?X-Amz-Algorithm=AWS4-HMAC-SHA256&X-Amz-Credential=AKIA45LU4MHUJ7WLDQVO%2F20210409%2Fap-northeast-2%2Fs3%2Faws4_request&X-Amz-Date=20210409T001902Z&X-Amz-Expires=3600&X-Amz-SignedHeaders=host&X-Amz-Signature=b9d12d0fc55a979550cf902a62b2d926d01d21d5a7e22c06705b7edbc52a77b7"	"{\"training\": {}, \"inference\": {}}"	""	"{\"accuracy\": {\"value\": \"75.9048%\", \"rank\": false, \"decs\": true}, \"f1\": {\"value\": \"0.6809\", \"rank\": true, \"decs\": true}}"	"2021-04-07T14:19:53.553590+09:00"	false	"75.9048%"	"0.6809"
18	1785	203	"박성배_T1247"	"https://s3-ap-northeast-2.amazonaws.com/prod-aistages-public/app/Users/00000203/user_image.png"	"https://prod-aistages-private.s3.amazonaws.com/app/Competitions/000001/Users/00000203/Submissions/0018/output.csv?X-Amz-Algorithm=AWS4-HMAC-SHA256&X-Amz-Credential=AKIA45LU4MHUJ7WLDQVO%2F20210409%2Fap-northeast-2%2Fs3%2Faws4_request&X-Amz-Date=20210409T001902Z&X-Amz-Expires=3600&X-Amz-SignedHeaders=host&X-Amz-Signature=39a0847e0aa568b4508528d80f9f16c25a095ebe6fa130f4395deeba25d809b4"	"{\"training\": {}, \"inference\": {}}"	"secret recipe"	"{\"accuracy\": {\"value\": \"74.5600%\", \"rank\": false, \"decs\": true}, \"f1\": {\"value\": \"0.6800\", \"rank\": true, \"decs\": true}}"	"2021-04-02T14:30:05.625267+09:00"	false	"74.5600%"	"0.6800"
5	514	203	"박성배_T1247"	"https://s3-ap-northeast-2.amazonaws.com/prod-aistages-public/app/Users/00000203/user_image.png"	"https://prod-aistages-private.s3.amazonaws.com/app/Competitions/000001/Users/00000203/Submissions/0005/output.csv?X-Amz-Algorithm=AWS4-HMAC-SHA256&X-Amz-Credential=AKIA45LU4MHUJ7WLDQVO%2F20210409%2Fap-northeast-2%2Fs3%2Faws4_request&X-Amz-Date=20210409T001902Z&X-Amz-Expires=3600&X-Amz-SignedHeaders=host&X-Amz-Signature=80a8988cc7f6ce24d7183db39fed0792b28a94a89eda093c7336ff47a69627da"	"{\"training\": {}, \"inference\": {}}"	""	"{\"accuracy\": {\"value\": \"73.2700%\", \"rank\": false, \"decs\": true}, \"f1\": {\"value\": \"0.6700\", \"rank\": true, \"decs\": true}}"	"2021-03-30T22:19:25.525725+09:00"	false	"73.2700%"	"0.6700"
8	635	203	"박성배_T1247"	"https://s3-ap-northeast-2.amazonaws.com/prod-aistages-public/app/Users/00000203/user_image.png"	"https://prod-aistages-private.s3.amazonaws.com/app/Competitions/000001/Users/00000203/Submissions/0008/output.csv?X-Amz-Algorithm=AWS4-HMAC-SHA256&X-Amz-Credential=AKIA45LU4MHUJ7WLDQVO%2F20210409%2Fap-northeast-2%2Fs3%2Faws4_request&X-Amz-Date=20210409T001902Z&X-Amz-Expires=3600&X-Amz-SignedHeaders=host&X-Amz-Signature=ef4cf497fd1e3b7b992bb1263f0bf7e57911c834dfa972fde7719f729a2fbe69"	"{\"training\": {}, \"inference\": {}}"	""	"{\"accuracy\": {\"value\": \"74.0600%\", \"rank\": false, \"decs\": true}, \"f1\": {\"value\": \"0.6600\", \"rank\": true, \"decs\": true}}"	"2021-03-31T10:36:12.311289+09:00"	false	"74.0600%"	"0.6600"
6	625	203	"박성배_T1247"	"https://s3-ap-northeast-2.amazonaws.com/prod-aistages-public/app/Users/00000203/user_image.png"	"https://prod-aistages-private.s3.amazonaws.com/app/Competitions/000001/Users/00000203/Submissions/0006/output.csv?X-Amz-Algorithm=AWS4-HMAC-SHA256&X-Amz-Credential=AKIA45LU4MHUJ7WLDQVO%2F20210409%2Fap-northeast-2%2Fs3%2Faws4_request&X-Amz-Date=20210409T001902Z&X-Amz-Expires=3600&X-Amz-SignedHeaders=host&X-Amz-Signature=cbf814875662fe05312465c704f50e4ff7fdfca5ec19b63196f106e295bf6195"	"{\"training\": {}, \"inference\": {}}"	""	"{\"accuracy\": {\"value\": \"73.2700%\", \"rank\": false, \"decs\": true}, \"f1\": {\"value\": \"0.6200\", \"rank\": true, \"decs\": true}}"	"2021-03-31T10:09:33.534700+09:00"	false	"73.2700%"	"0.6200"
9	636	203	"박성배_T1247"	"https://s3-ap-northeast-2.amazonaws.com/prod-aistages-public/app/Users/00000203/user_image.png"	"https://prod-aistages-private.s3.amazonaws.com/app/Competitions/000001/Users/00000203/Submissions/0009/output.csv?X-Amz-Algorithm=AWS4-HMAC-SHA256&X-Amz-Credential=AKIA45LU4MHUJ7WLDQVO%2F20210409%2Fap-northeast-2%2Fs3%2Faws4_request&X-Amz-Date=20210409T001902Z&X-Amz-Expires=3600&X-Amz-SignedHeaders=host&X-Amz-Signature=a96beddadf7b4b7528a11a7929f39d9b46f9794e8e307bfcb3957a2f0c2d83c5"	"{\"training\": {}, \"inference\": {}}"	""	"{\"accuracy\": {\"value\": \"73.2700%\", \"rank\": false, \"decs\": true}, \"f1\": {\"value\": \"0.6200\", \"rank\": true, \"decs\": true}}"	"2021-03-31T10:38:39.431558+09:00"	false	"73.2700%"	"0.6200"
4	450	203	"박성배_T1247"	"https://s3-ap-northeast-2.amazonaws.com/prod-aistages-public/app/Users/00000203/user_image.png"	"https://prod-aistages-private.s3.amazonaws.com/app/Competitions/000001/Users/00000203/Submissions/0004/output.csv?X-Amz-Algorithm=AWS4-HMAC-SHA256&X-Amz-Credential=AKIA45LU4MHUJ7WLDQVO%2F20210409%2Fap-northeast-2%2Fs3%2Faws4_request&X-Amz-Date=20210409T001902Z&X-Amz-Expires=3600&X-Amz-SignedHeaders=host&X-Amz-Signature=1eadc67ef2abdf9e5c1c661f744dcbb4b3b8029ad83f8594a9a7d711c673cc1d"	"{\"training\": {}, \"inference\": {}}"	""	"{\"accuracy\": {\"value\": \"68.3500%\", \"rank\": false, \"decs\": true}, \"f1\": {\"value\": \"0.5400\", \"rank\": true, \"decs\": true}}"	"2021-03-30T20:11:19.315120+09:00"	false	"68.3500%"	"0.5400"
3	379	203	"박성배_T1247"	"https://s3-ap-northeast-2.amazonaws.com/prod-aistages-public/app/Users/00000203/user_image.png"	"https://prod-aistages-private.s3.amazonaws.com/app/Competitions/000001/Users/00000203/Submissions/0003/output.csv?X-Amz-Algorithm=AWS4-HMAC-SHA256&X-Amz-Credential=AKIA45LU4MHUJ7WLDQVO%2F20210409%2Fap-northeast-2%2Fs3%2Faws4_request&X-Amz-Date=20210409T001902Z&X-Amz-Expires=3600&X-Amz-SignedHeaders=host&X-Amz-Signature=2212d443846e5b9688ebd35292f954c82757e979fea6854caac4ca457c0c1cd2"	"{\"training\": {}, \"inference\": {}}"	""	"{\"accuracy\": {\"value\": \"41.9400%\", \"rank\": false, \"decs\": true}, \"f1\": {\"value\": \"0.3100\", \"rank\": true, \"decs\": true}}"	"2021-03-30T16:47:45.473782+09:00"	false	"41.9400%"	"0.3100"
30	4074	203	"박성배_T1247"	"https://s3-ap-northeast-2.amazonaws.com/prod-aistages-public/app/Users/00000203/user_image.png"	"https://prod-aistages-private.s3.amazonaws.com/app/Competitions/000001/Users/00000203/Submissions/0030/output.csv?X-Amz-Algorithm=AWS4-HMAC-SHA256&X-Amz-Credential=AKIA45LU4MHUJ7WLDQVO%2F20210409%2Fap-northeast-2%2Fs3%2Faws4_request&X-Amz-Date=20210409T001902Z&X-Amz-Expires=3600&X-Amz-SignedHeaders=host&X-Amz-Signature=4d229ad180940f44c989e08b8fc57bc8b801f62b08debcb024450ad77edc5ab7"	"{\"training\": {}, \"inference\": {}}"	""	"{\"accuracy\": {\"value\": \"37.8889%\", \"rank\": false, \"decs\": true}, \"f1\": {\"value\": \"0.2358\", \"rank\": true, \"decs\": true}}"	"2021-04-06T20:52:00.155590+09:00"	false	"37.8889%"	"0.2358"
36	4734	203	"박성배_T1247"	"https://s3-ap-northeast-2.amazonaws.com/prod-aistages-public/app/Users/00000203/user_image.png"	"https://prod-aistages-private.s3.amazonaws.com/app/Competitions/000001/Users/00000203/Submissions/0036/output.csv?X-Amz-Algorithm=AWS4-HMAC-SHA256&X-Amz-Credential=AKIA45LU4MHUJ7WLDQVO%2F20210409%2Fap-northeast-2%2Fs3%2Faws4_request&X-Amz-Date=20210409T001902Z&X-Amz-Expires=3600&X-Amz-SignedHeaders=host&X-Amz-Signature=83fd4da77d20ed54b5e4b3f60f8df81dfca1fb9a82b2cd290c33b7f72a8e9751"	"{\"training\": {}, \"inference\": {}}"	""	"{\"accuracy\": {\"value\": \"32.0159%\", \"rank\": false, \"decs\": true}, \"f1\": {\"value\": \"0.1653\", \"rank\": true, \"decs\": true}}"	"2021-04-07T13:04:09.650504+09:00"	false	"32.0159%"	"0.1653"
35	4656	203	"박성배_T1247"	"https://s3-ap-northeast-2.amazonaws.com/prod-aistages-public/app/Users/00000203/user_image.png"	"https://prod-aistages-private.s3.amazonaws.com/app/Competitions/000001/Users/00000203/Submissions/0035/output.csv?X-Amz-Algorithm=AWS4-HMAC-SHA256&X-Amz-Credential=AKIA45LU4MHUJ7WLDQVO%2F20210409%2Fap-northeast-2%2Fs3%2Faws4_request&X-Amz-Date=20210409T001902Z&X-Amz-Expires=3600&X-Amz-SignedHeaders=host&X-Amz-Signature=6c974d5d2f680c806c2284d4d482000b797976e0e230f6f7072bc58126ed470a"	"{\"training\": {}, \"inference\": {}}"	""	"{\"accuracy\": {\"value\": \"31.7937%\", \"rank\": false, \"decs\": true}, \"f1\": {\"value\": \"0.1635\", \"rank\": true, \"decs\": true}}"	"2021-04-07T11:41:35.089677+09:00"	false	"31.7937%"	"0.1635"
2	261	203	"박성배_T1247"	"https://s3-ap-northeast-2.amazonaws.com/prod-aistages-public/app/Users/00000203/user_image.png"	"https://prod-aistages-private.s3.amazonaws.com/app/Competitions/000001/Users/00000203/Submissions/0002/output.csv?X-Amz-Algorithm=AWS4-HMAC-SHA256&X-Amz-Credential=AKIA45LU4MHUJ7WLDQVO%2F20210409%2Fap-northeast-2%2Fs3%2Faws4_request&X-Amz-Date=20210409T001902Z&X-Amz-Expires=3600&X-Amz-SignedHeaders=host&X-Amz-Signature=a29d84d9983f407b2c06b80cc777b0a399c10674fa5f82b25fc52f56aa91a600"	"{\"training\": {}, \"inference\": {}}"	""	"{\"accuracy\": {\"value\": \"28.3800%\", \"rank\": false, \"decs\": true}, \"f1\": {\"value\": \"0.1400\", \"rank\": true, \"decs\": true}}"	"2021-03-30T10:40:04.653581+09:00"	false	"28.3800%"	"0.1400"
1	107	203	"박성배_T1247"	"https://s3-ap-northeast-2.amazonaws.com/prod-aistages-public/app/Users/00000203/user_image.png"	"https://prod-aistages-private.s3.amazonaws.com/app/Competitions/000001/Users/00000203/Submissions/0001/output.csv?X-Amz-Algorithm=AWS4-HMAC-SHA256&X-Amz-Credential=AKIA45LU4MHUJ7WLDQVO%2F20210409%2Fap-northeast-2%2Fs3%2Faws4_request&X-Amz-Date=20210409T001902Z&X-Amz-Expires=3600&X-Amz-SignedHeaders=host&X-Amz-Signature=b416533a2784172761221eebaa4f7d6eb24764b456abe3bce1b8dcc8466b4132"	"{\"training\": {}, \"inference\": {}}"	""	"{\"accuracy\": {\"value\": \"10.2200%\", \"rank\": false, \"decs\": true}, \"f1\": {\"value\": \"0.0200\", \"rank\": true, \"decs\": true}}"	"2021-03-29T18:45:24.022699+09:00"	false	"10.2200%"	"0.0200"